date,close
2024-01-12,5185.04803
2024-02-12,5201.93919
2024-03-11,5190.85928
2024-03-12,5226.04873
2024-04-11,5252.49541
2024-04-12,5238.3706
2024-05-11,5365.0175
2024-05-12,5196.82337
2024-06-10,5378.77515
2024-06-11,5347.08388
2024-07-10,5335.05505
2024-07-11,5316.33395
2024-08-10,5323.21819
2024-08-12,5181.83165
2024-09-10,5422.05668
2024-09-12,5166.98069
2024-10-11,5265.8462
2024-10-12,5166.83237
2024-11-11,5333.42404
2024-11-12,5124.49968
2024-12-11,5298.36505
2024-12-12,5105.4316
2025-01-01,5218.15975
2025-01-06,4668.40698
2025-01-09,5583.78597
2025-01-12,4914.72183
2025-02-01,5199.61657
2025-02-02,5126.14893
2025-02-03,5236.84735
2025-02-06,4689.52334
2025-02-07,4865.33107
2025-02-09,5620.91953
2025-02-11,5115.88454
2025-02-12,4950.91722
2025-03-02,5145.84493
2025-03-03,5220.66506
2025-03-06,4664.79438
2025-03-07,4894.06663
2025-03-08,5536.14202
2025-03-09,5631.61606
2025-03-11,5061.01439
2025-03-12,4927.49125
2025-04-02,5147.33934
2025-04-03,5194.10631
2025-04-05,4956.25243
2025-04-06,4709.09092
2025-04-08,5485.90898
2025-04-09,5614.27988
2025-04-11,5019.0728
2025-04-12,4886.57032
2025-05-01,5165.1677
2025-05-02,5170.06499
2025-05-03,5196.66064
2025-05-05,4964.6702
2025-05-10,5447.63342
2025-05-11,4986.89438
2025-06-01,5198.84249
2025-06-02,5179.17525
2025-06-03,5203.96022
2025-06-04,5205.19249
2025-06-05,4951.72775
2025-06-08,5471.15528
2025-06-10,5423.64262
2025-06-11,4967.94073
2025-07-01,5190.77791
2025-07-04,5196.70267
2025-07-05,4802.41799
2025-07-07,4976.16208
2025-07-08,5408.07123
2025-07-09,5636.15369
2025-07-10,5377.00459
2025-07-12,4872.64446
2025-08-01,5185.00084
2025-08-04,5185.82783
2025-08-05,4902.2777
2025-08-07,4981.63738
2025-08-09,5627.59051
2025-08-10,5337.86197
2025-08-12,4906.292
2025-09-01,5194.43347
2025-09-02,5165.88083
2025-09-03,5174.44098
2025-09-04,5196.04611
2025-09-07,5035.46564
2025-09-09,5538.25128
2025-09-10,5283.71827
2025-09-11,4899.9264
2025-09-12,4962.90249
2025-10-02,5174.28319
2025-10-03,5190.94571
2025-10-04,5205.2344
2025-10-07,5068.0355
2025-10-08,5351.03182
2025-10-09,5473.14677
2025-10-11,4860.7515
2025-10-12,4941.84453
2025-11-02,5192.05169
2025-11-03,5199.30089
2025-11-08,5344.04937
2025-11-09,5523.78412
2025-11-11,4872.76866
2025-11-12,4963.83194
2025-12-01,5156.22938
2025-12-02,5189.62162
2025-12-03,5216.06559
2025-12-05,4921.55512
2025-12-08,5315.44699
2025-12-10,5202.46462
2025-12-11,4825.33498
2026-01-01,4910.61355
2026-01-02,5193.36148
2026-01-03,5461.70524
2026-01-04,5272.79071
2026-01-06,5372.63439
2026-01-09,5637.30496
2026-01-10,5531.64623
2026-02-02,5247.75361
2026-02-03,5534.04831
2026-02-04,5219.73622
2026-02-06,5406.20347
2026-02-07,5743.85884
2026-02-08,5895.78358
2026-02-09,5660.41404
2026-03-02,5266.67855
2026-03-03,5325.06771
2026-03-05,5265.39264
2026-03-06,5441.6609
2026-03-08,5885.69199
2026-03-09,5662.09008
2026-04-01,4965.24076
2026-04-03,5323.03306
2026-04-05,5277.80549
2026-04-06,5475.00196
2026-04-08,5894.12702
2026-05-01,4954.86843
2026-05-02,5234.37685
2026-05-03,5240.83792
2026-05-04,5112.27071
2026-05-05,5267.22628
2026-05-07,5787.4108
2026-06-01,4953.60616
2026-06-04,5122.53162
2026-06-05,5248.36846
2026-06-07,5799.51494
2026-06-08,5860.95785
2026-06-09,5558.44526
2026-07-01,4992.69656
2026-07-04,5156.87358
2026-07-05,5234.10034
2026-07-06,5516.15981
2026-07-07,5781.27425
2026-07-09,5567.42309
2026-08-01,4998.54817
2026-08-02,5229.08809
2026-08-03,5008.99994
2026-08-04,5317.96198
2026-08-06,5482.99805
2026-08-07,5770.27356
2026-08-09,5539.32016
2026-09-02,5311.94165
2026-09-03,5141.41204
2026-09-04,5257.70314
2026-09-06,5519.48793
2026-09-07,5804.06354
2026-09-08,5822.3182
2026-09-09,5537.8767
2026-10-02,5399.93516
2026-10-03,5289.69298
2026-10-05,5220.94656
2026-10-06,5516.82363
2026-10-08,5844.87198
2026-10-09,5515.16816
2026-11-01,4939.5914
2026-11-03,5292.19974
2026-11-05,5205.26311
2026-11-06,5520.39656
2026-11-08,5903.53106
2026-12-01,4942.05578
2026-12-03,5368.40087
2026-12-04,5271.40025
2026-12-05,5229.95888
2026-12-07,5849.21831
2026-12-08,5897.27422
